DOMAIN-SUFFIX,island-of-pleasure.site
DOMAIN-SUFFIX,beeg.com
DOMAIN-SUFFIX,pornolab.net
DOMAIN-SUFFIX,redtube.com
DOMAIN-SUFFIX,static-ss.xvideos-cdn.com
DOMAIN-SUFFIX,xhamster.com
DOMAIN-SUFFIX,xhamsterlive.com
DOMAIN-SUFFIX,xvideos.com
DOMAIN-KEYWORD,ashoo
DOMAIN-KEYWORD,intimcity
DOMAIN-SUFFIX,ebanoe.it
DOMAIN-SUFFIX,xnxx.com
DOMAIN-SUFFIX,xv-ru.com
DOMAIN-SUFFIX,bestchange
DOMAIN-SUFFIX,sextalk
DOMAIN-SUFFIX,theresanaiforthat.com
DOMAIN-SUFFIX,xvpn.io
DOMAIN-SUFFIX,knowyourmeme.com
DOMAIN-SUFFIX,intimtur.com
DOMAIN-SUFFIX,numbuster.com
DOMAIN-SUFFIX,storage.intimtur.com
DOMAIN-SUFFIX,pointmedia.io
DOMAIN-SUFFIX,bestchange
DOMAIN-SUFFIX,dosug
DOMAIN-SUFFIX,capitalist.net

