DOMAIN-KEYWORD,10minutemail.com
DOMAIN-KEYWORD,1337x.to
DOMAIN-KEYWORD,4pda.ru
DOMAIN-KEYWORD,ab.chatgpt.com
DOMAIN-KEYWORD,abook-club.ru
DOMAIN-KEYWORD,abs-0.twimg.com
DOMAIN-KEYWORD,abs-zero.twimg.com
DOMAIN-KEYWORD,abs.twimg.com
DOMAIN-KEYWORD,account-api.protonmail.com
DOMAIN-KEYWORD,account.protonmail.com
DOMAIN-KEYWORD,accounts.spotify.com
DOMAIN-KEYWORD,adguard.com
DOMAIN-KEYWORD,afcs.dellcdn.com
DOMAIN-KEYWORD,aftermarket.schaeffler.com
DOMAIN-KEYWORD,aftermarket.zf.com
DOMAIN-KEYWORD,agents.media
DOMAIN-KEYWORD,agentura.ru
DOMAIN-KEYWORD,alberta.ca
DOMAIN-KEYWORD,anilibria.tv
DOMAIN-KEYWORD,aol.com
DOMAIN-KEYWORD,api.app.prod.grazie.aws.intellij.net
DOMAIN-KEYWORD,api.github.com
DOMAIN-KEYWORD,api.home-connect.com
DOMAIN-KEYWORD,api.openai.com
DOMAIN-KEYWORD,api.protonmail.ch
DOMAIN-KEYWORD,api.radarr.video
DOMAIN-KEYWORD,api.themoviedb.org
DOMAIN-KEYWORD,api.twitter.com
DOMAIN-KEYWORD,aplawrence.com
DOMAIN-KEYWORD,app.m3u.in
DOMAIN-KEYWORD,app.paraswap.io
DOMAIN-KEYWORD,app.zerossl.com
DOMAIN-KEYWORD,appstorrent.ru
DOMAIN-KEYWORD,apt.releases.hashicorp.com
DOMAIN-KEYWORD,aqicn.org
DOMAIN-KEYWORD,arc.intel.com
DOMAIN-KEYWORD,artifacts.elastic.co
DOMAIN-KEYWORD,atlassian.com
DOMAIN-KEYWORD,auth.grazie.ai
DOMAIN-KEYWORD,auth.openai.com
DOMAIN-KEYWORD,auth0.openai.com
DOMAIN-KEYWORD,bard.google.com
DOMAIN-KEYWORD,bbc.co.uk
DOMAIN-KEYWORD,bbc.com
DOMAIN-KEYWORD,bbci.co.uk
DOMAIN-KEYWORD,bitbucket.org
DOMAIN-KEYWORD,bitcoin.org
DOMAIN-KEYWORD,bitru.org
DOMAIN-KEYWORD,booktracker.org
DOMAIN-KEYWORD,boosteroid.com
DOMAIN-KEYWORD,bosch-home.com
DOMAIN-KEYWORD,bradyid.com
DOMAIN-KEYWORD,browserleaks.com
DOMAIN-KEYWORD,bt.t-ru.org
DOMAIN-KEYWORD,bt2.t-ru.org
DOMAIN-KEYWORD,bt3.t-ru.org
DOMAIN-KEYWORD,bt4.t-ru.org
DOMAIN-KEYWORD,builds.parsec.app
DOMAIN-KEYWORD,canva.com
DOMAIN-KEYWORD,cdn.oaistatic.com
DOMAIN-KEYWORD,cdnfacebook.com
DOMAIN-KEYWORD,cdnfbsbx.com
DOMAIN-KEYWORD,cdninstagram.com
DOMAIN-KEYWORD,certifytheweb.com
DOMAIN-KEYWORD,chat.openai.com
DOMAIN-KEYWORD,chatgpt.com
DOMAIN-KEYWORD,checkout.buckaroo.nl
DOMAIN-KEYWORD,cherta.media
DOMAIN-KEYWORD,chess.com
DOMAIN-KEYWORD,cisco.com
DOMAIN-KEYWORD,citrix.com
DOMAIN-KEYWORD,clamav.net
DOMAIN-KEYWORD,cloud.mongodb.com
DOMAIN-KEYWORD,cloudflare-dns.com
DOMAIN-KEYWORD,cloudfront.net
DOMAIN-KEYWORD,colta.ru
DOMAIN-KEYWORD,community.cisco.com
DOMAIN-KEYWORD,connect.facebook.net
DOMAIN-KEYWORD,crunchyroll.com
DOMAIN-KEYWORD,czx.to
DOMAIN-KEYWORD,d.docs.live.net
DOMAIN-KEYWORD,database.clamav.net
DOMAIN-KEYWORD,deezer.com
DOMAIN-KEYWORD,dell.com
DOMAIN-KEYWORD,deviantart.com
DOMAIN-KEYWORD,devops.com
DOMAIN-KEYWORD,dist.torproject.org
DOMAIN-KEYWORD,docker.elastic.co
DOMAIN-KEYWORD,docs.redis.com
DOMAIN-KEYWORD,documentation.meraki.com
DOMAIN-KEYWORD,download.lenovo.com
DOMAIN-KEYWORD,download.screamingfrog.co.uk
DOMAIN-KEYWORD,download.wetransfer.com
DOMAIN-KEYWORD,doxajournal.ru
DOMAIN-KEYWORD,dual-a-0001.a-msedge.net
DOMAIN-KEYWORD,dw.com
DOMAIN-KEYWORD,dyson.com
DOMAIN-KEYWORD,e1v-h.phncdn.com
DOMAIN-KEYWORD,ebanoe.it
DOMAIN-KEYWORD,edge-chat.facebook.com
DOMAIN-KEYWORD,edge.microsoft.com
DOMAIN-KEYWORD,edgeservices.bing.com
DOMAIN-KEYWORD,ehorussia.com
DOMAIN-KEYWORD,ej.ru
DOMAIN-KEYWORD,etsy.com
DOMAIN-KEYWORD,euronews.com
DOMAIN-KEYWORD,event.on24.com
DOMAIN-KEYWORD,exler.ru
DOMAIN-KEYWORD,f.vision
DOMAIN-KEYWORD,facebook.com
DOMAIN-KEYWORD,fb.com
DOMAIN-KEYWORD,fb.me
DOMAIN-KEYWORD,fbcdn.net
DOMAIN-KEYWORD,fbsbx.com
DOMAIN-KEYWORD,fburl.com
DOMAIN-KEYWORD,fex.net
DOMAIN-KEYWORD,files.oaiusercontent.com
DOMAIN-KEYWORD,filmix.biz
DOMAIN-KEYWORD,firefly-ps.adobe.io
DOMAIN-KEYWORD,flibusta.is
DOMAIN-KEYWORD,fluke.com
DOMAIN-KEYWORD,fork.pet
DOMAIN-KEYWORD,forklog.com
DOMAIN-KEYWORD,formula1.com
DOMAIN-KEYWORD,forum.voynaplemyon.com
DOMAIN-KEYWORD,gallery.zetalliance.org
DOMAIN-KEYWORD,gateway.facebook.com
DOMAIN-KEYWORD,geni.us
DOMAIN-KEYWORD,genius.com
DOMAIN-KEYWORD,github.com
DOMAIN-KEYWORD,gitlab.io
DOMAIN-KEYWORD,gllto.glpals.com
DOMAIN-KEYWORD,gnome-look.org
DOMAIN-KEYWORD,golosameriki.com
DOMAIN-KEYWORD,googletagmanager.com
DOMAIN-KEYWORD,googlevideo.com
DOMAIN-KEYWORD,gordonua.com
DOMAIN-KEYWORD,grammarly.com
DOMAIN-KEYWORD,graph.facebook.com
DOMAIN-KEYWORD,gravatar.com
DOMAIN-KEYWORD,grazie.ai
DOMAIN-KEYWORD,gulagu.net
DOMAIN-KEYWORD,hd.zetfix.online
DOMAIN-KEYWORD,helm.releases.hashicorp.com
DOMAIN-KEYWORD,holod.global.ssl.fastly.net
DOMAIN-KEYWORD,holod.media
DOMAIN-KEYWORD,hyperhost.ua
DOMAIN-KEYWORD,ichef.bbci.co.uk
DOMAIN-KEYWORD,ifconfig.me
DOMAIN-KEYWORD,igcdn.com
DOMAIN-KEYWORD,iichan.hk
DOMAIN-KEYWORD,image.tmdb.org
DOMAIN-KEYWORD,instagram
DOMAIN-KEYWORD,instagram.com
DOMAIN-KEYWORD,instagram.fhrk1-1.fna.fbcdn.net
DOMAIN-KEYWORD,instagram.fkun2-1.fna.fbcdn.net
DOMAIN-KEYWORD,instagram.frix7-1.fna.fbcdn.net
DOMAIN-KEYWORD,instagram.fvno2-1.fna.fbcdn.net
DOMAIN-KEYWORD,intel.com
DOMAIN-KEYWORD,ios.chat.openai.com
DOMAIN-KEYWORD,ipinfo.io
DOMAIN-KEYWORD,island-of-pleasure.site
DOMAIN-KEYWORD,istories.media
DOMAIN-KEYWORD,jetbrans.com
DOMAIN-KEYWORD,jsfiddle.net
DOMAIN-KEYWORD,kahoot
DOMAIN-KEYWORD,kasparov.ru
DOMAIN-KEYWORD,kavkaz-uzel.eu
DOMAIN-KEYWORD,kemono.party
DOMAIN-KEYWORD,kino.pub
DOMAIN-KEYWORD,kinobase.org
DOMAIN-KEYWORD,kinokopilka.pro
DOMAIN-KEYWORD,kinovod.net
DOMAIN-KEYWORD,kinozal.me
DOMAIN-KEYWORD,kinozal.tv
DOMAIN-KEYWORD,korrespondent.net
DOMAIN-KEYWORD,kpapp.link
DOMAIN-KEYWORD,l.facebook.com
DOMAIN-KEYWORD,lenovo.com
DOMAIN-KEYWORD,lib.rus.ec
DOMAIN-KEYWORD,libgen.rs
DOMAIN-KEYWORD,licdn.com
DOMAIN-KEYWORD,linkedin.com
DOMAIN-KEYWORD,linuxiac.com
DOMAIN-KEYWORD,lnkd.in
DOMAIN-KEYWORD,localbitcoins.com
DOMAIN-KEYWORD,lostfilm.run
DOMAIN-KEYWORD,lostfilm.tv
DOMAIN-KEYWORD,lostfilm.win
DOMAIN-KEYWORD,m.strava.com
DOMAIN-KEYWORD,macpaw.com
DOMAIN-KEYWORD,macvendors.com
DOMAIN-KEYWORD,mail.protonmail.com
DOMAIN-KEYWORD,malwarebytes.com
DOMAIN-KEYWORD,marketplace.atlassian.com
DOMAIN-KEYWORD,master.qt.io
DOMAIN-KEYWORD,mattermost.com
DOMAIN-KEYWORD,maxmind.com
DOMAIN-KEYWORD,mdza.io
DOMAIN-KEYWORD,mediazona.ca
DOMAIN-KEYWORD,mediazona.online
DOMAIN-KEYWORD,medium.com
DOMAIN-KEYWORD,meduza.io
DOMAIN-KEYWORD,megapeer.ru
DOMAIN-KEYWORD,memohrc.org
DOMAIN-KEYWORD,meta.com
DOMAIN-KEYWORD,metacritic.com
DOMAIN-KEYWORD,meteo.paraplan.net
DOMAIN-KEYWORD,mobile.events.data.microsoft.com
DOMAIN-KEYWORD,monster.ie
DOMAIN-KEYWORD,mouser.com
DOMAIN-KEYWORD,mrakopedia.net
DOMAIN-KEYWORD,my.atlassian.com
DOMAIN-KEYWORD,myworld-portal.leica-geosystems.com
DOMAIN-KEYWORD,nasvsehtoshnit.ru
DOMAIN-KEYWORD,navalny.com
DOMAIN-KEYWORD,netflix.com
DOMAIN-KEYWORD,netpeaksoftware.com
DOMAIN-KEYWORD,news.google.com
DOMAIN-KEYWORD,newstudio.tv
DOMAIN-KEYWORD,newtimes.ru
DOMAIN-KEYWORD,nih.gov
DOMAIN-KEYWORD,nnmclub.ro
DOMAIN-KEYWORD,nnmclub.to
DOMAIN-KEYWORD,nordvpn.com
DOMAIN-KEYWORD,novayagazeta.eu
DOMAIN-KEYWORD,novayagazeta.ru
DOMAIN-KEYWORD,ntc.party
DOMAIN-KEYWORD,nyaa.si
DOMAIN-KEYWORD,nyaa.tracker.wf
DOMAIN-KEYWORD,oaistatic.com
DOMAIN-KEYWORD,oasis.app
DOMAIN-KEYWORD,omv-extras.org
DOMAIN-KEYWORD,onlineradiobox.com
DOMAIN-KEYWORD,onlinesim.ru
DOMAIN-KEYWORD,open.spotify.com
DOMAIN-KEYWORD,openai.com
DOMAIN-KEYWORD,openwrt.org
DOMAIN-KEYWORD,os.mbed.com
DOMAIN-KEYWORD,ovdinfo.org
DOMAIN-KEYWORD,packages.gitlab.com
DOMAIN-KEYWORD,pandasecurity.com
DOMAIN-KEYWORD,paperpaper.ru
DOMAIN-KEYWORD,path3.xtracloud.net
DOMAIN-KEYWORD,patreon.com
DOMAIN-KEYWORD,pay.buckaroo.nl
DOMAIN-KEYWORD,paypal.com
DOMAIN-KEYWORD,pb.wtf
DOMAIN-KEYWORD,pbs.twimg.com
DOMAIN-KEYWORD,pcbway.com
DOMAIN-KEYWORD,pcbway.ru
DOMAIN-KEYWORD,php.su
DOMAIN-KEYWORD,piccy.info
DOMAIN-KEYWORD,pixiv.net
DOMAIN-KEYWORD,plab.site
DOMAIN-KEYWORD,platform.twitter.com
DOMAIN-KEYWORD,polit.ru
DOMAIN-KEYWORD,pornolab.net
DOMAIN-KEYWORD,portal.bgpmon.net
DOMAIN-KEYWORD,proekt.media
DOMAIN-KEYWORD,proton.me
DOMAIN-KEYWORD,protonmail.com
DOMAIN-KEYWORD,quora.com
DOMAIN-KEYWORD,radarr.servarr.com
DOMAIN-KEYWORD,radiosvoboda.org
DOMAIN-KEYWORD,ratatype.ua
DOMAIN-KEYWORD,raw-data.gitlab.io
DOMAIN-KEYWORD,redis.com
DOMAIN-KEYWORD,redtube.com
DOMAIN-KEYWORD,refactoring.guru
DOMAIN-KEYWORD,refinitiv.com
DOMAIN-KEYWORD,registry.terraform.io
DOMAIN-KEYWORD,releases.hashicorp.com
DOMAIN-KEYWORD,repo.mongodb.org
DOMAIN-KEYWORD,republic.ru
DOMAIN-KEYWORD,resp.app
DOMAIN-KEYWORD,rpm.grafana.com
DOMAIN-KEYWORD,ru.bellingcat.com
DOMAIN-KEYWORD,ru.depositphotos.com
DOMAIN-KEYWORD,ru.euronews.com
DOMAIN-KEYWORD,ru.iherb.com
DOMAIN-KEYWORD,ru.krymr.com
DOMAIN-KEYWORD,rus-media.org
DOMAIN-KEYWORD,rus.delfi.lv
DOMAIN-KEYWORD,rustorka.com
DOMAIN-KEYWORD,rutor.info
DOMAIN-KEYWORD,rutor.is
DOMAIN-KEYWORD,rutor.org
DOMAIN-KEYWORD,rutracker.org
DOMAIN-KEYWORD,rutracker.ru
DOMAIN-KEYWORD,s3-1.amazonaws.com
DOMAIN-KEYWORD,saverudata.info
DOMAIN-KEYWORD,scontent.cdninstagram.com
DOMAIN-KEYWORD,searchfloor.org
DOMAIN-KEYWORD,sebeanus.online
DOMAIN-KEYWORD,secure-web.cisco.com
DOMAIN-KEYWORD,seedoff.zannn.top
DOMAIN-KEYWORD,semnasem.org
DOMAIN-KEYWORD,serpstat.com
DOMAIN-KEYWORD,setapp.com
DOMAIN-KEYWORD,singlekey-id.com
DOMAIN-KEYWORD,skladchik.com
DOMAIN-KEYWORD,skladchina.biz
DOMAIN-KEYWORD,skyscanner.com
DOMAIN-KEYWORD,slideshare.net
DOMAIN-KEYWORD,soapui.org
DOMAIN-KEYWORD,sobesednik.ru
DOMAIN-KEYWORD,soundcloud.com
DOMAIN-KEYWORD,spotify.com
DOMAIN-KEYWORD,st.kinovod.net
DOMAIN-KEYWORD,static-ss.xvideos-cdn.com
DOMAIN-KEYWORD,static.cdninstagram.com
DOMAIN-KEYWORD,static.files.bbci.co.uk
DOMAIN-KEYWORD,static.rutracker.cc
DOMAIN-KEYWORD,strava.com
DOMAIN-KEYWORD,stulchik.net
DOMAIN-KEYWORD,support.cambiumnetworks.com
DOMAIN-KEYWORD,support.huawei.com
DOMAIN-KEYWORD,support.ruckuswireless.com
DOMAIN-KEYWORD,svoboda.org
DOMAIN-KEYWORD,svtv.org
DOMAIN-KEYWORD,swagger.io
DOMAIN-KEYWORD,sydney.bing.com
DOMAIN-KEYWORD,sysdig.com
DOMAIN-KEYWORD,t.co
DOMAIN-KEYWORD,tayga.info
DOMAIN-KEYWORD,tcr9i.chat.openai.com
DOMAIN-KEYWORD,terraform.io
DOMAIN-KEYWORD,theins.press
DOMAIN-KEYWORD,theins.ru
DOMAIN-KEYWORD,themoviedb.org
DOMAIN-KEYWORD,thepiratebay.org
DOMAIN-KEYWORD,tidal.com
DOMAIN-KEYWORD,timberland.com
DOMAIN-KEYWORD,tjournal.ru
DOMAIN-KEYWORD,tmdb.org
DOMAIN-KEYWORD,tokenized.play.google.com
DOMAIN-KEYWORD,tools.cisco.com
DOMAIN-KEYWORD,torproject.org
DOMAIN-KEYWORD,torrent.by
DOMAIN-KEYWORD,tr.anidub.com
DOMAIN-KEYWORD,tracker.opentrackr.org
DOMAIN-KEYWORD,tumblr.com
DOMAIN-KEYWORD,tutanota.com
DOMAIN-KEYWORD,tvrain.ru
DOMAIN-KEYWORD,twimg.com
DOMAIN-KEYWORD,twitter.co
DOMAIN-KEYWORD,twitter.com
DOMAIN-KEYWORD,twitthat.com
DOMAIN-KEYWORD,twtkr.com
DOMAIN-KEYWORD,twttr.com
DOMAIN-KEYWORD,ufile.io
DOMAIN-KEYWORD,underver.se
DOMAIN-KEYWORD,unfiltered.adguard-dns.com
DOMAIN-KEYWORD,unian.net
DOMAIN-KEYWORD,uniongang.tv
DOMAIN-KEYWORD,vectorworks.net
DOMAIN-KEYWORD,velocidrone.com
DOMAIN-KEYWORD,verstka.media
DOMAIN-KEYWORD,vhd.zetflix.online
DOMAIN-KEYWORD,video.twimg.com
DOMAIN-KEYWORD,vimeo.com
DOMAIN-KEYWORD,vimeocdn.com
DOMAIN-KEYWORD,vipdrive.net
DOMAIN-KEYWORD,vot-tak.tv
DOMAIN-KEYWORD,vrv.co
DOMAIN-KEYWORD,vyos.io
DOMAIN-KEYWORD,watchguard.com
DOMAIN-KEYWORD,weather.com
DOMAIN-KEYWORD,weblance.com.ua
DOMAIN-KEYWORD,welt.de
DOMAIN-KEYWORD,wetransfer.com
DOMAIN-KEYWORD,wheather.com
DOMAIN-KEYWORD,windguru.cz
DOMAIN-KEYWORD,wixmp.com
DOMAIN-KEYWORD,wunderground.com
DOMAIN-KEYWORD,x.com
DOMAIN-KEYWORD,xhamster.com
DOMAIN-KEYWORD,xhamsterlive.com
DOMAIN-KEYWORD,xnxx.com
DOMAIN-KEYWORD,xvideos.com
DOMAIN-KEYWORD,youtube.com
DOMAIN-KEYWORD,yt3.ggpht.com
DOMAIN-KEYWORD,zetflix.online
DOMAIN-KEYWORD,znanija.com
DOMAIN-KEYWORD,zohomail.com
DOMAIN-KEYWORD,zona.media
DOMAIN-KEYWORD,ashoo
DOMAIN-KEYWORD,intimcity
